pulse_length,time,adiabaticity
200,0,0.999999731
200,0.400001,0.99989492
200,0.800002,0.999926384
200,1.200003,0.999981725
200,1.600004,0.999871865
200,2.000005,0.999962669
200,2.400006,0.999946324
200,2.800007,0.999864178
200,3.200008,0.999986241
200,3.600009,0.999908407
200,4.00001,0.99986492
200,4.400011,0.999994225
200,4.800012,0.999875285
200,5.200013,0.99986547
200,5.600014,0.999992339
200,6.000015,0.999859323
200,6.400016,0.999862702
200,6.800017,0.9999852
200,7.200018,0.99983749
200,7.600019,0.999832938
200,8.00002,0.999970736
200,8.400021,0.999825637
200,8.800022,0.999763163
200,9.200023,0.99991631
200,9.600024,0.999770772
200,10.000025,0.999036651
200,10.400026,0.999017218
200,10.800027,0.999032048
200,11.200028,0.999025628
200,11.600029,0.999007115
200,12.00003,0.999034493
200,12.400031,0.999070805
200,12.800032,0.999072646
200,13.200033,0.999083158
200,13.600034,0.999126535
200,14.000035,0.999141849
200,14.400036,0.999122379
200,14.800037,0.999125808
200,15.200038,0.999137523
200,15.600039,0.999103921
200,16.00004,0.999061233
200,16.400041,0.999056659
200,16.800042,0.999040147
200,17.200043,0.998992121
200,17.600044,0.998973321
200,18.000045,0.998990374
200,18.400046,0.998982484
200,18.800047,0.998970671
200,19.200048,0.999003012
200,19.600049,0.999047472
200,20.00005,0.999058423
200,20.400051,0.999080475
200,20.800052,0.999136
200,21.200053,0.999170878
200,21.600054,0.999167381
200,22.000055,0.999185024
200,22.400056,0.999214012
200,22.800057,0.999195851
200,23.200058,0.999155944
200,23.600059,0.999146552
200,24.00006,0.999124998
200,24.400061,0.999059072
200,24.800062,0.999003845
200,25.200063,0.998979796
200,25.600064,0.998935328
200,26.000065,0.998869565
200,26.400066,0.998840075
200,26.800067,0.998838892
200,27.200068,0.998816611
200,27.600069,0.998794283
200,28.00007,0.99882398
200,28.400071,0.99886735
200,28.800072,0.998883905
200,29.200073,0.998920352
200,29.600074,0.999004656
200,30.000075,0.999072646
200,30.400076,0.999115582
200,30.800077,0.999187511
200,31.200078,0.999279897
200,31.600079,0.999333455
200,32.00008,0.999367344
200,32.400081,0.999421902
200,32.800082,0.999471521
200,33.200083,0.999469454
200,33.600084,0.99944794
200,34.000085,0.999441296
200,34.400086,0.999409338
200,34.800087,0.99931469
200,35.200088,0.999211639
200,35.600089,0.999118449
200,36.00009,0.998975978
200,36.400091,0.998776738
200,36.800092,0.99858372
200,37.200093,0.998383024
200,37.600094,0.998121878
200,38.000095,0.997818802
200,38.400096,0.997520122
200,38.800097,0.997197126
200,39.200098,0.996808888
200,39.600099,0.996377503
200,40.0001,0.995939014
200,40.400101,0.995453935
200,40.800102,0.994876762
200,41.200103,0.994234725
200,41.600104,0.993549785
200,42.000105,0.992752673
200,42.400106,0.991792433
200,42.800107,0.990690654
200,43.200108,0.989421792
200,43.600109,0.987869793
200,44.00011,0.985955907
200,44.400111,0.983636817
200,44.800112,0.980779379
200,45.200113,0.977157746
200,45.600114,0.972551235
200,46.000115,0.966701793
200,46.400116,0.959204451
200,46.800117,0.949498279
200,47.200118,0.936941337
200,47.600119,0.920793752
200,48.00012,0.90015585
200,48.400121,0.874075005
200,48.800122,0.841854279
200,49.200123,0.803292951
200,49.600124,0.758869592
200,50.000125,0.709939964
200,50.400126,0.615389681
200,50.800127,0.526395601
200,51.200128,0.452165801
200,51.600129,0.39460273
200,52.00013,0.351533728
200,52.400131,0.319769218
200,52.800132,0.296441043
200,53.200133,0.279336047
200,53.600134,0.266876643
200,54.000135,0.257952609
200,54.400136,0.251739319
200,54.800137,0.247628634
200,55.200138,0.245202503
200,55.600139,0.244147059
200,56.00014,0.244185928
200,56.400141,0.245103054
200,56.800142,0.246746481
200,57.200143,0.248977391
200,57.600144,0.251647917
200,58.000145,0.254634889
200,58.400146,0.257845029
200,58.800147,0.261181506
200,59.200148,0.264525264
200,59.600149,0.267778625
200,60.00015,0.270876033
200,60.400151,0.273737874
200,60.800152,0.276264642
200,61.200153,0.278403413
200,61.600154,0.28012916
200,62.000155,0.281396989
200,62.400156,0.282172029
200,62.800157,0.282477493
200,63.200158,0.282350215
200,63.600159,0.281821587
200,64.00016,0.280944159
200,64.400161,0.27981665
200,64.800162,0.278542891
200,65.200163,0.277208279
200,65.600164,0.275904277
200,66.000165,0.274753955
200,66.400166,0.273843057
200,66.800167,0.273209175
200,67.200168,0.2728943
200,67.600169,0.2729309
200,68.00017,0.273278089
200,68.400171,0.27386475
200,68.800172,0.274625376
200,69.200173,0.275474367
200,69.600174,0.276291617
200,70.000175,0.27696815
200,70.400176,0.277440205
200,70.800177,0.277666114
200,71.200178,0.277607131
200,71.600179,0.27728343
200,72.00018,0.276783671
200,72.400181,0.276187352
200,72.800182,0.275576039
200,73.200183,0.275065725
200,73.600184,0.274754082
200,74.000185,0.274671499
200,74.400186,0.274814201
200,74.800187,0.275155728
200,75.200188,0.275630493
200,75.600189,0.276114477
200,76.00019,0.276500845
200,76.400191,0.276733636
200,76.800192,0.276762328
200,77.200193,0.276566714
200,77.600194,0.276219914
200,78.000195,0.275824283
200,78.400196,0.275466878
200,78.800197,0.275232731
200,79.200198,0.275191131
200,79.600199,0.275354495
200,80.0002,0.27564912
200,80.400201,0.275982098
200,80.800202,0.276275823
200,81.200203,0.276433803
200,81.600204,0.276392493
200,82.000205,0.276191621
200,82.400206,0.275908521
200,82.800207,0.275630004
200,83.200208,0.275445053
200,83.600209,0.275430005
200,84.00021,0.275590529
200,84.400211,0.275838196
200,84.800212,0.276081412
200,85.200213,0.276246836
200,85.600214,0.276254587
200,86.000215,0.276098012
200,86.400216,0.275864204
200,86.800217,0.275656466
200,87.200218,0.275553612
200,87.600219,0.275589744
200,88.00022,0.275766117
200,88.400221,0.275991343
200,88.800222,0.276137449
200,89.200223,0.276155312
200,89.600224,0.276046179
200,90.000225,0.275847046
200,90.400226,0.267967034
200,90.800227,0.267768771
200,91.200228,0.271495267
200,91.600229,0.271819612
200,92.00023,0.2687159
200,92.400231,0.269676712
200,92.800232,0.272487221
200,93.200233,0.268929808
200,93.600234,0.269667842
200,94.000235,0.272221768
200,94.400236,0.269250841
200,94.800237,0.269369676
200,95.200238,0.271664996
200,95.600239,0.269632837
200,96.00024,0.269590559
200,96.400241,0.271670297
200,96.800242,0.269869854
200,97.200243,0.2695851
200,97.600244,0.271419175
200,98.000245,0.269817265
200,98.400246,0.269864674
200,98.800247,0.271413956
200,99.200248,0.269447248
200,99.600249,0.270085045
200,100.00025,0.271571997
200,100.400251,0.268715531
200,100.800252,0.269574584
200,101.200253,0.271729877
200,101.600254,0.268569114
200,102.000255,0.269677315
200,102.400256,0.271837686
200,102.800257,0.268310028
200,103.200258,0.269644549
200,103.600259,0.272111247
200,104.00026,0.268249106
200,104.400261,0.26946575
200,104.800262,0.271953126
200,105.200263,0.267948056
200,105.600264,0.269527198
200,106.000265,0.27224819
200,106.400266,0.26829476
200,106.800267,0.269506805
200,107.200268,0.271569241
200,107.600269,0.269363271
200,108.00027,0.268122302
200,108.400271,0.271655398
200,108.800272,0.270289479
200,109.200273,0.267492921
200,109.600274,0.274594734
200,110.000275,0.268418303
200,110.400276,0.268457793
200,110.800277,0.267448458
200,111.200278,0.267928727
200,111.600279,0.267447746
200,112.00028,0.267487248
200,112.400281,0.267050954
200,112.800282,0.267918189
200,113.200283,0.267666049
200,113.600284,0.268091467
200,114.000285,0.268276123
200,114.400286,0.268906848
200,114.800287,0.268753618
200,115.200288,0.269019394
200,115.600289,0.268944928
200,116.00029,0.268911054
200,116.400291,0.268733401
200,116.800292,0.26811179
200,117.200293,0.267953153
200,117.600294,0.267686504
200,118.000295,0.267255922
200,118.400296,0.266607898
200,118.800297,0.267279471
200,119.200298,0.266768792
200,119.600299,0.266940767
200,120.0003,0.267167961
200,120.400301,0.268030704
200,120.800302,0.267735043
200,121.200303,0.268779873
200,121.600304,0.268871161
200,122.000305,0.269676278
200,122.400306,0.269585667
200,122.800307,0.270019227
200,123.200308,0.269692841
200,123.600309,0.270223908
200,124.00031,0.269235674
200,124.400311,0.269064611
200,124.800312,0.268674473
200,125.200313,0.268154639
200,125.600314,0.266892751
200,126.000315,0.266851369
200,126.400316,0.266126029
200,126.800317,0.265493132
200,127.200318,0.265106302
200,127.600319,0.265063663
200,128.00032,0.264931316
200,128.400321,0.265128365
200,128.800322,0.265310599
200,129.200323,0.265908666
200,129.600324,0.266944676
200,130.000325,0.26732922
200,130.400326,0.268335447
200,130.800327,0.26965484
200,131.200328,0.270689264
200,131.600329,0.271220758
200,132.00033,0.272817208
200,132.400331,0.273508229
200,132.800332,0.274335663
200,133.200333,0.274688628
200,133.600334,0.275393413
200,134.000335,0.275307808
200,134.400336,0.275596924
200,134.800337,0.27458589
200,135.200338,0.274503064
200,135.600339,0.2734735
200,136.00034,0.27221721
200,136.400341,0.270280925
200,136.800342,0.269348754
200,137.200343,0.266747499
200,137.600344,0.264728724
200,138.000345,0.26202375
200,138.400346,0.25982869
200,138.800347,0.256623532
200,139.200348,0.254026672
200,139.600349,0.250488692
200,140.00035,0.248168408
200,140.400351,0.2446114
200,140.800352,0.24159465
200,141.200353,0.238397306
200,141.600354,0.236117613
200,142.000355,0.232638422
200,142.400356,0.230492874
200,142.800357,0.227906843
200,143.200358,0.22636259
200,143.600359,0.224281658
200,144.00036,0.223416929
200,144.400361,0.222583528
200,144.800362,0.223413791
200,145.200363,0.223680947
200,145.600364,0.226046161
200,146.000365,0.22923083
200,146.400366,0.234393438
200,146.800367,0.240343797
200,147.200368,0.249775791
200,147.600369,0.260946952
200,148.00037,0.275976436
200,148.400371,0.293242461
200,148.800372,0.315241414
200,149.200373,0.339965869
200,149.600374,0.36800215
200,150.000375,0.396147234
200,150.400376,0.404102901
200,150.800377,0.411195951
200,151.200378,0.419073866
200,151.600379,0.425876338
200,152.00038,0.43432552
200,152.400381,0.441736003
200,152.800382,0.449778496
200,153.200383,0.456662871
200,153.600384,0.465079682
200,154.000385,0.472207927
200,154.400386,0.480122701
200,154.800387,0.486660643
200,155.200388,0.494587899
200,155.600389,0.501362556
200,156.00039,0.508501477
200,156.400391,0.514233711
200,156.800392,0.521888534
200,157.200393,0.527708941
200,157.600394,0.533878556
200,158.000395,0.539236662
200,158.400396,0.545781373
200,158.800397,0.550501479
200,159.200398,0.556267413
200,159.600399,0.560527427
200,160.0004,0.566141065
200,160.400401,0.570297434
200,160.800402,0.574786484
200,161.200403,0.578212886
200,161.600404,0.58330974
200,162.000405,0.586251778
200,162.400406,0.590042032
200,162.800407,0.592834324
200,163.200408,0.596766171
200,163.600409,0.59905068
200,164.00041,0.6020658
200,164.400411,0.603991953
200,164.800412,0.607507088
200,165.200413,0.608737226
200,165.600414,0.610914207
200,166.000415,0.612581863
200,166.400416,0.614975804
200,166.800417,0.615569107
200,167.200418,0.617597102
200,167.600419,0.618094959
200,168.00042,0.619942813
200,168.400421,0.620291218
200,168.800422,0.621132591
200,169.200423,0.621468656
200,169.600424,0.62310024
200,170.000425,0.622164522
200,170.400426,0.622908103
200,170.800427,0.623036208
200,171.200428,0.62346392
200,171.600429,0.622582597
200,172.00043,0.623129116
200,172.400431,0.622294027
200,172.800432,0.622698756
200,173.200433,0.621409773
200,173.600434,0.621273653
200,174.000435,0.620673368
200,174.400436,0.62055403
200,174.800437,0.618778266
200,175.200438,0.618852483
200,175.600439,0.617684076
200,176.00044,0.617257327
200,176.400441,0.615753807
200,176.800442,0.615346394
200,177.200443,0.614229268
200,177.600444,0.613810889
200,178.000445,0.611747178
200,178.400446,0.611730936
200,178.800447,0.610723077
200,179.200448,0.609690024
200,179.600449,0.608302767
200,180.00045,0.608315037
200,180.400451,0.606717929
200,180.800452,0.606375309
200,181.200453,0.605116793
200,181.600454,0.604771431
200,182.000455,0.604035699
200,182.400456,0.603516713
200,182.800457,0.602061987
200,183.200458,0.602655997
200,183.600459,0.601760693
200,184.00046,0.601108299
200,184.400461,0.600789988
200,184.800462,0.601115056
200,185.200463,0.600136624
200,185.600464,0.600367338
200,186.000465,0.599993271
200,186.400466,0.600433718
200,186.800467,0.600248593
200,187.200468,0.600204764
200,187.600469,0.600216633
200,188.00047,0.601145634
200,188.400471,0.600683438
200,188.800472,0.60111445
200,189.200473,0.60171241
200,189.600474,0.602178661
200,190.000475,0.602404804
200,190.400476,0.616938302
200,190.800477,0.614765079
200,191.200478,0.632110438
200,191.600479,0.626939141
200,192.00048,0.615432748
200,192.400481,0.628292584
200,192.800482,0.628424458
200,193.200483,0.616820069
200,193.600484,0.626738087
200,194.000485,0.627876785
200,194.400486,0.617539362
200,194.800487,0.627041603
200,195.200488,0.626989224
200,195.600489,0.618124896
200,196.00049,0.628086691
200,196.400491,0.6252274
200,196.800492,0.619266435
200,197.200493,0.628979818
200,197.600494,0.622849265
200,198.000495,0.621433252
200,198.400496,0.629117977
200,198.800497,0.62058187
200,199.200498,0.62421142
200,199.600499,0.627658086
10,0,0.999999731
10,0.020001,0.999833539
10,0.040002,0.99932808
10,0.060003,0.998475283
10,0.080004,0.99727141
10,0.100005,0.995717011
10,0.120006,0.993816782
10,0.140007,0.991569611
10,0.160008,0.988937532
10,0.180009,0.985970954
10,0.200010001,0.9826853
10,0.220011001,0.979098159
10,0.240012001,0.975228695
10,0.260013001,0.971096983
10,0.280014001,0.966778162
10,0.300015001,0.96235932
10,0.320016001,0.957765799
10,0.340017001,0.953015294
10,0.360018001,0.948122103
10,0.380019001,0.943095526
10,0.400020001,0.937937565
10,0.420021001,0.932660918
10,0.440022001,0.927241615
10,0.460023001,0.921596689
10,0.480024001,0.915519851
10,0.500025001,0.907751506
10,0.520026001,0.907653668
10,0.540027001,0.907560603
10,0.560028001,0.907472808
10,0.580029001,0.90739088
10,0.600030002,0.90731549
10,0.620031002,0.907247361
10,0.640032002,0.90718723
10,0.660033002,0.90713582
10,0.680034002,0.9070938
10,0.700035002,0.90706175
10,0.720036002,0.907040122
10,0.740037002,0.907029227
10,0.760038002,0.907029198
10,0.780039002,0.907039985
10,0.800040002,0.907061347
10,0.820041002,0.907092847
10,0.840042002,0.907133865
10,0.860043002,0.907183604
10,0.880044002,0.907241103
10,0.900045002,0.907305252
10,0.920046002,0.907374819
10,0.940047002,0.907448468
10,0.960048002,0.907524783
10,0.980049002,0.907602292
10,1.000050003,0.907679488
10,1.020051003,0.907754836
10,1.040052003,0.907826824
10,1.060053003,0.90789394
10,1.080054003,0.907954728
10,1.100055003,0.908007772
10,1.120056003,0.908051732
10,1.140057003,0.908085347
10,1.160058003,0.908107431
10,1.180059003,0.90811689
10,1.200060003,0.908112731
10,1.220061003,0.908094052
10,1.240062003,0.908060054
10,1.260063003,0.908010052
10,1.280064003,0.90794346
10,1.300065003,0.90785979
10,1.320066003,0.907758657
10,1.340067003,0.907639766
10,1.360068003,0.907502908
10,1.380069003,0.907347947
10,1.400070004,0.907174821
10,1.420071004,0.906983523
10,1.440072004,0.906774084
10,1.460073004,0.90654657
10,1.480074004,0.906301063
10,1.500075004,0.906037643
10,1.520076004,0.905756363
10,1.540077004,0.905457247
10,1.560078004,0.90514025
10,1.580079004,0.904805254
10,1.600080004,0.904452024
10,1.620081004,0.904080203
10,1.640082004,0.903689267
10,1.660083004,0.903278518
10,1.680084004,0.902847033
10,1.700085004,0.902393647
10,1.720086004,0.901916909
10,1.740087004,0.901415041
10,1.760088004,0.900885898
10,1.780089004,0.900326903
10,1.800090005,0.899734977
10,1.820091005,0.899106466
10,1.840092005,0.898437027
10,1.860093005,0.897721516
10,1.880094005,0.896953839
10,1.900095005,0.896126755
10,1.920096005,0.895231676
10,1.940097005,0.894258387
10,1.960098005,0.893194714
10,1.980099005,0.892026133
10,2.000100005,0.890735275
10,2.020101005,0.88930131
10,2.040102005,0.887699201
10,2.060103005,0.885898753
10,2.080104005,0.883863436
10,2.100105005,0.881548856
10,2.120106005,0.878900866
10,2.140107005,0.875853094
10,2.160108005,0.872323801
10,2.180109005,0.868211806
10,2.200110006,0.863391288
10,2.220111006,0.857705094
10,2.240112006,0.850956285
10,2.260113006,0.842897589
10,2.280114006,0.83321872
10,2.300115006,0.821531934
10,2.320116006,0.807357452
10,2.340117006,0.790112531
10,2.360118006,0.769111864
10,2.380119006,0.743593056
10,2.400120006,0.712787675
10,2.420121006,0.676061443
10,2.440122006,0.633134733
10,2.460123006,0.584352025
10,2.480124006,0.53089705
10,2.500125006,0.474501243
10,2.520126006,0.373091443
10,2.540127006,0.285125088
10,2.560128006,0.216673616
10,2.580129006,0.166517087
10,2.600130007,0.130552295
10,2.620131007,0.104718707
10,2.640132007,0.085910648
10,2.660133007,0.071965351
10,2.680134007,0.061423371
10,2.700135007,0.053303423
10,2.720136007,0.046939566
10,2.740137007,0.041873
10,2.760138007,0.037782119
10,2.780139007,0.034437454
10,2.800140007,0.031672419
10,2.820141007,0.029364069
10,2.840142007,0.027420258
10,2.860143007,0.025770919
10,2.880144007,0.024362053
10,2.900145007,0.02315152
10,2.920146007,0.022106052
10,2.940147007,0.021199092
10,2.960148007,0.020409228
10,2.980149007,0.019719024
10,3.000150008,0.019114158
10,3.020151008,0.018582763
10,3.040152008,0.018114931
10,3.060153008,0.01770233
10,3.080154008,0.017337901
10,3.100155008,0.017015631
10,3.120156008,0.016730368
10,3.140157008,0.016477677
10,3.160158008,0.016253718
10,3.180159008,0.016055159
10,3.200160008,0.015879092
10,3.220161008,0.015722973
10,3.240162008,0.015584569
10,3.260163008,0.01546191
10,3.280164008,0.015353258
10,3.300165008,0.015257071
10,3.320166008,0.015171978
10,3.340167008,0.015096755
10,3.360168008,0.015030305
10,3.380169008,0.014971647
10,3.400170009,0.014919895
10,3.420171009,0.014874255
10,3.440172009,0.014834009
10,3.460173009,0.014798508
10,3.480174009,0.014767172
10,3.500175009,0.014739476
10,3.520176009,0.014714955
10,3.540177009,0.014693192
10,3.560178009,0.014673826
10,3.580179009,0.01465654
10,3.600180009,0.014641068
10,3.620181009,0.014627191
10,3.640182009,0.014614735
10,3.660183009,0.014603575
10,3.680184009,0.014593632
10,3.700185009,0.014584872
10,3.720186009,0.014577306
10,3.740187009,0.01457099
10,3.760188009,0.014566018
10,3.780189009,0.014562524
10,3.80019001,0.014560673
10,3.82019101,0.01456066
10,3.84019201,0.014562703
10,3.86019301,0.014567036
10,3.88019401,0.014573902
10,3.90019501,0.014583545
10,3.92019601,0.014596204
10,3.94019701,0.014612106
10,3.96019801,0.014631457
10,3.98019901,0.014654441
10,4.00020001,0.01468121
10,4.02020101,0.014711883
10,4.04020201,0.014746543
10,4.06020301,0.014785235
10,4.08020401,0.014827963
10,4.10020501,0.014874692
10,4.12020601,0.014925352
10,4.14020701,0.014979835
10,4.16020801,0.015038002
10,4.18020901,0.015099684
10,4.200210011,0.01516469
10,4.220211011,0.015232806
10,4.240212011,0.015303802
10,4.260213011,0.01537744
10,4.280214011,0.015453469
10,4.300215011,0.015531638
10,4.320216011,0.015611694
10,4.340217011,0.015693384
10,4.360218011,0.015776462
10,4.380219011,0.015860682
10,4.400220011,0.015945808
10,4.420221011,0.016031609
10,4.440222011,0.01611786
10,4.460223011,0.016204341
10,4.480224011,0.016290838
10,4.500225011,0.01643777
10,4.520226011,0.020903074
10,4.540227011,0.024258919
10,4.560228011,0.027156673
10,4.580229011,0.029773365
10,4.600230012,0.032196491
10,4.620231012,0.034458826
10,4.640232012,0.036546132
10,4.660233012,0.038461728
10,4.680234012,0.040206205
10,4.700235012,0.041779172
10,4.720236012,0.043180137
10,4.740237012,0.044427788
10,4.760238012,0.045511971
10,4.780239012,0.046424011
10,4.800240012,0.047165727
10,4.820241012,0.04773978
10,4.840242012,0.048149682
10,4.860243012,0.048399798
10,4.880244012,0.04848504
10,4.900245012,0.048422602
10,4.920246012,0.048222167
10,4.940247012,0.04789202
10,4.960248012,0.047441219
10,4.980249012,0.046879578
10,5.000250013,0.04621939
10,5.020251013,0.045593793
10,5.040252013,0.044851711
10,5.060253013,0.043997504
10,5.080254013,0.04303586
10,5.100255013,0.041971599
10,5.120256013,0.040809669
10,5.140257013,0.039537164
10,5.160258013,0.038153051
10,5.180259013,0.036699885
10,5.200260013,0.035187688
10,5.220261013,0.033627124
10,5.240262013,0.032029736
10,5.260263013,0.030408184
10,5.280264013,0.028803663
10,5.300265013,0.027214333
10,5.320266013,0.025644377
10,5.340267013,0.024109161
10,5.360268013,0.022625524
10,5.380269013,0.021211634
10,5.400270014,0.01988888
10,5.420271014,0.018692195
10,5.440272014,0.017605628
10,5.460273014,0.01664573
10,5.480274014,0.01581524
10,5.500275014,0.015138936
10,5.520276014,0.015132036
10,5.540277014,0.01512453
10,5.560278014,0.015116975
10,5.580279014,0.015110517
10,5.600280014,0.01510633
10,5.620281014,0.015105054
10,5.640282014,0.015106503
10,5.660283014,0.015109816
10,5.680284014,0.015113967
10,5.700285014,0.015118336
10,5.720286014,0.015123047
10,5.740287014,0.015128879
10,5.760288014,0.015136799
10,5.780289014,0.015147407
10,5.800290015,0.015160589
10,5.820291015,0.015175581
10,5.840292015,0.015191388
10,5.860293015,0.01520729
10,5.880294015,0.015223146
10,5.900295015,0.015239334
10,5.920296015,0.015256384
10,5.940297015,0.015274558
10,5.960298015,0.015293628
10,5.980299015,0.015312962
10,6.000300015,0.015331834
10,6.020301015,0.015349754
10,6.040302015,0.015366617
10,6.060303015,0.015382607
10,6.080304015,0.015397951
10,6.100305015,0.015412677
10,6.120306015,0.015426527
10,6.140307015,0.015439045
10,6.160308015,0.015449766
10,6.180309015,0.015458402
10,6.200310016,0.015464898
10,6.220311016,0.015469372
10,6.240312016,0.015471977
10,6.260313016,0.015472784
10,6.280314016,0.015471757
10,6.300315016,0.015468846
10,6.320316016,0.015464118
10,6.340317016,0.01545785
10,6.360318016,0.015450529
10,6.380319016,0.015442721
10,6.400320016,0.015434874
10,6.420321016,0.015427111
10,6.440322016,0.015419091
10,6.460323016,0.015410027
10,6.480324016,0.015398871
10,6.500325016,0.015384628
10,6.520326016,0.015366695
10,6.540327016,0.015345097
10,6.560328016,0.015320486
10,6.580329016,0.015293923
10,6.600330017,0.01526652
10,6.620331017,0.015239122
10,6.640332017,0.015212196
10,6.660333017,0.015185958
10,6.680334017,0.015160646
10,6.700335017,0.01513675
10,6.720336017,0.015115013
10,6.740337017,0.015096185
10,6.760338017,0.015080618
10,6.780339017,0.01506794
10,6.800340017,0.015056997
10,6.820341017,0.015046158
10,6.840342017,0.015033851
10,6.860343017,0.0150191
10,6.880344017,0.015001798
10,6.900345017,0.014982583
10,6.920346017,0.014962406
10,6.940347017,0.014942004
10,6.960348017,0.014921581
10,6.980349017,0.014900812
10,7.000350018,0.014879123
10,7.020351018,0.014856035
10,7.040352018,0.014831321
10,7.060353018,0.01480488
10,7.080354018,0.014776398
10,7.100355018,0.014745036
10,7.120356018,0.014709317
10,7.140357018,0.014667301
10,7.160358018,0.014616909
10,7.180359018,0.014556223
10,7.200360018,0.014483559
10,7.220361018,0.014397255
10,7.240362018,0.014295253
10,7.260363018,0.014174633
10,7.280364018,0.014031189
10,7.300365018,0.013859128
10,7.320366018,0.013650815
10,7.340367018,0.01339652
10,7.360368018,0.013084206
10,7.380369018,0.012699582
10,7.400370019,0.012226892
10,7.420371019,0.01165107
10,7.440372019,0.010961779
10,7.460373019,0.010159118
10,7.480374019,0.009259228
10,7.500375019,0.00831027
10,7.520376019,0.008073688
10,7.540377019,0.007835606
10,7.560378019,0.007596858
10,7.580379019,0.007358382
10,7.600380019,0.007121185
10,7.620381019,0.006886322
10,7.640382019,0.006654883
10,7.660383019,0.006427961
10,7.680384019,0.006206592
10,7.700385019,0.005991667
10,7.720386019,0.005783827
10,7.740387019,0.005583382
10,7.760388019,0.005390277
10,7.780389019,0.00520413
10,7.80039002,0.005024336
10,7.82039102,0.00485023
10,7.84039202,0.004681259
10,7.86039302,0.004517126
10,7.88039402,0.004357884
10,7.90039502,0.004203911
10,7.92039602,0.004055806
10,7.94039702,0.003914182
10,7.96039802,0.003779461
10,7.98039902,0.003651717
10,8.00040002,0.003530634
10,8.02040102,0.003415596
10,8.04040202,0.003305843
10,8.06040302,0.00320066
10,8.08040402,0.00309951
10,8.10040502,0.003002107
10,8.12040602,0.00290841
10,8.14040702,0.002818557
10,8.16040802,0.002732775
10,8.18040902,0.002651276
10,8.200410021,0.002574189
10,8.220411021,0.002501531
10,8.240412021,0.002433221
10,8.260413021,0.002369116
10,8.280414021,0.002309043
10,8.300415021,0.002252793
10,8.320416021,0.002200081
10,8.340417021,0.002150492
10,8.360418021,0.002103472
10,8.380419021,0.002058373
10,8.400420021,0.002014586
10,8.420421021,0.001971682
10,8.440422021,0.001929517
10,8.460423021,0.001888223
10,8.480424021,0.00184808
10,8.500425021,0.001809333
10,8.520426021,0.001772031
10,8.540427021,0.001735985
10,8.560428021,0.001700876
10,8.580429021,0.00166644
10,8.600430022,0.001632643
10,8.620431022,0.001599716
10,8.640432022,0.001568052
10,8.660433022,0.001537992
10,8.680434022,0.001509651
10,8.700435022,0.001482855
10,8.720436022,0.001457236
10,8.740437022,0.001432416
10,8.760438022,0.001408177
10,8.780439022,0.001384534
10,8.800440022,0.001361682
10,8.820441022,0.001339859
10,8.840442022,0.001319219
10,8.860443022,0.001299757
10,8.880444022,0.001281338
10,8.900445022,0.001263781
10,8.920446022,0.001246954
10,8.940447022,0.001230831
10,8.960448022,0.001215483
10,8.980449022,0.001201029
10,9.000450023,0.00118756
10,9.020451023,0.001175081
10,9.040452023,0.001163496
10,9.060453023,0.001152629
10,9.080454023,0.001142282
10,9.100455023,0.001132297
10,9.120456023,0.001122603
10,9.140457023,0.001113224
10,9.160458023,0.00110424
10,9.180459023,0.001095719
10,9.200460023,0.001087655
10,9.220461023,0.001079949
10,9.240462023,0.001072449
10,9.260463023,0.001065034
10,9.280464023,0.001057695
10,9.300465023,0.001050559
10,9.320466023,0.001043838
10,9.340467023,0.001037706
10,9.360468023,0.001032197
10,9.380469023,0.001027152
10,9.400470024,0.001022278
10,9.420471024,0.001017255
10,9.440472024,0.001011866
10,9.460473024,0.001006052
10,9.480474024,0.000999899
10,9.500475024,0.000957724
10,9.520476024,0.001226965
10,9.540477024,0.001722858
10,9.560478024,0.002226093
10,9.580479024,0.002738389
10,9.600480024,0.003253347
10,9.620481024,0.003774796
10,9.640482024,0.004290546
10,9.660483024,0.004795472
10,9.680484024,0.005284676
10,9.700485024,0.005753105
10,9.720486024,0.006195733
10,9.740487024,0.006611256
10,9.760488024,0.006998911
10,9.780489024,0.007346851
10,9.800490025,0.007651679
10,9.820491025,0.007910226
10,9.840492025,0.008120342
10,9.860493025,0.008281901
10,9.880494025,0.008397527
10,9.900495025,0.008470369
10,9.920496025,0.008502077
10,9.940497025,0.008493937
10,9.960498025,0.008446509
10,9.980499025,0.008359326
40,0,0.999999731
40,0.080001,0.999833756
40,0.160002,0.999368112
40,0.240003,0.998694254
40,0.320004,0.997944943
40,0.400005,0.997265971
40,0.480006,0.996787092
40,0.560007,0.996597587
40,0.640008,0.996730209
40,0.720009,0.997163836
40,0.80001,0.997817953
40,0.880011,0.99856332
40,0.960012,0.999243607
40,1.040013,0.999705096
40,1.120014,0.999829097
40,1.200015,0.999578687
40,1.280016,0.998972877
40,1.360017,0.998085862
40,1.440018,0.997038128
40,1.520019,0.995972428
40,1.60002,0.995028427
40,1.680021,0.994322657
40,1.760022,0.993925297
40,1.840023,0.993835623
40,1.920024,0.99393456
40,2.000025,0.993349721
40,2.080026,0.993305529
40,2.160027,0.99327974
40,2.240028,0.993274193
40,2.320029,0.993285499
40,2.40003,0.993306341
40,2.480031,0.993328314
40,2.560032,0.993344279
40,2.640033,0.993349452
40,2.720034,0.993341483
40,2.800035,0.993320223
40,2.880036,0.993287221
40,2.960037,0.99324514
40,3.040038,0.993197318
40,3.120039,0.993147679
40,3.200040001,0.993100521
40,3.280041001,0.993059889
40,3.360042001,0.993028892
40,3.440043001,0.993009216
40,3.520044001,0.993001182
40,3.600045001,0.993004511
40,3.680046001,0.993019443
40,3.760047001,0.993046892
40,3.840048001,0.993087377
40,3.920049001,0.993139103
40,4.000050001,0.993196437
40,4.080051001,0.993250641
40,4.160052001,0.993292981
40,4.240053001,0.993318236
40,4.320054001,0.993326643
40,4.400055001,0.993323577
40,4.480056001,0.993316869
40,4.560057001,0.993313306
40,4.640058001,0.993316536
40,4.720059001,0.993327199
40,4.800060001,0.993344592
40,4.880061001,0.99336839
40,4.960062001,0.99339967
40,5.040063001,0.993440933
40,5.120064001,0.993495105
40,5.200065001,0.993563866
40,5.280066001,0.993646294
40,5.360067001,0.993738579
40,5.440068001,0.993834733
40,5.520069001,0.993928169
40,5.600070001,0.994013371
40,5.680071001,0.994086766
40,5.760072001,0.994146574
40,5.840073001,0.994192358
40,5.920074001,0.994224678
40,6.000075001,0.994245516
40,6.080076001,0.994259106
40,6.160077001,0.994271635
40,6.240078001,0.99428938
40,6.320079001,0.994316504
40,6.400080001,0.994353746
40,6.480081001,0.994398585
40,6.560082001,0.994447105
40,6.640083001,0.994496311
40,6.720084001,0.994545251
40,6.800085001,0.994594009
40,6.880086001,0.994641439
40,6.960087001,0.994683313
40,7.040088001,0.994711964
40,7.120089001,0.994717439
40,7.200090001,0.994689673
40,7.280091001,0.994621001
40,7.360092001,0.994507694
40,7.440093001,0.994349993
40,7.520094001,0.994150672
40,7.600095001,0.993912585
40,7.680096001,0.993635999
40,7.760097001,0.993317009
40,7.840098001,0.992947328
40,7.920099001,0.992515058
40,8.000100001,0.992005914
40,8.080101001,0.991403268
40,8.160102001,0.990686597
40,8.240103001,0.989829385
40,8.320104001,0.988797801
40,8.400105001,0.987549905
40,8.480106001,0.986034898
40,8.560107001,0.984191589
40,8.640108001,0.981945111
40,8.720109001,0.979201891
40,8.800110001,0.975843361
40,8.880111001,0.971719258
40,8.960112001,0.966639818
40,9.040113001,0.960365105
40,9.120114001,0.952589924
40,9.200115001,0.942924321
40,9.280116001,0.930871507
40,9.360117001,0.915807364
40,9.440118001,0.896970191
40,9.520119001,0.873475341
40,9.600120002,0.844377386
40,9.680121002,0.808808536
40,9.760122002,0.766213173
40,9.840123002,0.716656882
40,9.920124002,0.661108897
40,10.000125,0.601443582
40,10.080126,0.490495048
40,10.160127,0.39064975
40,10.240128,0.310235424
40,10.320129,0.249390639
40,10.40013,0.204435768
40,10.480131,0.171230552
40,10.560132,0.146418281
40,10.640133,0.127569724
40,10.720134,0.112996416
40,10.800135,0.101534763
40,10.880136,0.092377778
40,10.960137,0.084958237
40,11.040138,0.078870897
40,11.120139,0.073821482
40,11.20014,0.069593272
40,11.280141,0.066024894
40,11.360142,0.06299491
40,11.440143,0.060410683
40,11.520144,0.058200156
40,11.600145,0.056305842
40,11.680146,0.054680672
40,11.760147,0.05328539
40,11.840148,0.052087084
40,11.920149,0.051058234
40,12.00015,0.050175885
40,12.080151,0.049420875
40,12.160152,0.048777174
40,12.240153,0.048231421
40,12.320154,0.047772565
40,12.400155,0.047391561
40,12.480156,0.047081065
40,12.560157,0.046835097
40,12.640158,0.046648683
40,12.720159,0.046517534
40,12.80016,0.046437857
40,12.880161,0.046406285
40,12.960162,0.04641986
40,13.040163,0.046475957
40,13.120164,0.046572074
40,13.200165,0.04670551
40,13.280166,0.04687293
40,13.360167,0.047070071
40,13.440168,0.047291903
40,13.520169,0.04753321
40,13.60017,0.047789364
40,13.680171,0.04805692
40,13.760172,0.04833379
40,13.840173,0.04861887
40,13.920174,0.048911325
40,14.000175,0.049210004
40,14.080176,0.049513287
40,14.160177,0.049819381
40,14.240178,0.050126738
40,14.320179,0.050434289
40,14.40018,0.050741395
40,14.480181,0.051047534
40,14.560182,0.051351908
40,14.640183,0.051653107
40,14.720184,0.051949007
40,14.800185,0.052236886
40,14.880186,0.052513651
40,14.960187,0.052776089
40,15.040188,0.053021099
40,15.120189,0.053245933
40,15.20019,0.053448385
40,15.280191,0.053626953
40,15.360192,0.053781017
40,15.440193,0.053910867
40,15.520194,0.054017454
40,15.600195,0.05410193
40,15.680196,0.054165254
40,15.760197,0.05420806
40,15.840198,0.054230846
40,15.920199,0.054234428
40,16.0002,0.054220321
40,16.080201,0.054190694
40,16.160202,0.054147792
40,16.240203,0.05409312
40,16.320204,0.054026936
40,16.400205,0.05394836
40,16.480206,0.053856067
40,16.560207,0.053749196
40,16.640208,0.053628076
40,16.720209,0.053494486
40,16.80021,0.053351395
40,16.880211,0.05320241
40,16.960212,0.053051241
40,17.040213,0.052901419
40,17.120214,0.052756254
40,17.200215,0.052618885
40,17.280216,0.052492369
40,17.360217,0.052379608
40,17.440218,0.052283068
40,17.520219,0.052204508
40,17.60022,0.052144861
40,17.680221,0.052104276
40,17.760222,0.052082167
40,17.840223,0.052077269
40,17.920224,0.052087694
40,18.000225,0.052116274
40,18.080226,0.053772172
40,18.160227,0.054988871
40,18.240228,0.055845171
40,18.320229,0.056399817
40,18.40023,0.056717145
40,18.480231,0.056868753
40,18.560232,0.056923341
40,18.640233,0.056923059
40,18.720234,0.056888551
40,18.800235,0.056838244
40,18.880236,0.056813272
40,18.960237,0.056878856
40,19.040238,0.057053233
40,19.120239,0.057235533
40,19.20024,0.057245258
40,19.280241,0.057017274
40,19.360242,0.056730592
40,19.440243,0.0565958
40,19.520244,0.056577881
40,19.600245,0.056555701
40,19.680246,0.056630346
40,19.760247,0.05691199
40,19.840248,0.05709373
40,19.920249,0.056950239
40,20.00025,0.056822529
40,20.080251,0.057135976
40,20.160252,0.057301231
40,20.240253,0.057284386
40,20.320254,0.057237114
40,20.400255,0.057092191
40,20.480256,0.056756881
40,20.560257,0.056464358
40,20.640258,0.056510844
40,20.720259,0.056833109
40,20.80026,0.056980074
40,20.880261,0.056872464
40,20.960262,0.056791117
40,21.040263,0.056761372
40,21.120264,0.056646277
40,21.200265,0.056612259
40,21.280266,0.056909143
40,21.360267,0.057387087
40,21.440268,0.057627779
40,21.520269,0.057434753
40,21.60027,0.056909288
40,21.680271,0.056240802
40,21.760272,0.05569137
40,21.840273,0.0556851
40,21.920274,0.056921164
40,22.000275,0.062260131
40,22.080276,0.06248121
40,22.160277,0.062734756
40,22.240278,0.062924369
40,22.320279,0.063045695
40,22.40028,0.063135063
40,22.480281,0.063155238
40,22.560282,0.063068394
40,22.640283,0.062985949
40,22.720284,0.063093577
40,22.800285,0.063424506
40,22.880286,0.063811758
40,22.960287,0.064074925
40,23.040288,0.064165162
40,23.120289,0.064134883
40,23.20029,0.064051085
40,23.280291,0.063964215
40,23.360292,0.063924107
40,23.440293,0.063982298
40,23.520294,0.064157023
40,23.600295,0.064383663
40,23.680296,0.064547513
40,23.760297,0.064584098
40,23.840298,0.06452184
40,23.920299,0.064439772
40,24.0003,0.064386909
40,24.080301,0.064340565
40,24.160302,0.06427252
40,24.240303,0.064225054
40,24.320304,0.064256972
40,24.400305,0.064322066
40,24.480306,0.064315377
40,24.560307,0.064230356
40,24.640308,0.06414088
40,24.720309,0.064040581
40,24.80031,0.063827959
40,24.880311,0.063476882
40,24.960312,0.063114972
40,25.040313,0.062893273
40,25.120314,0.062840344
40,25.200315,0.062857738
40,25.280316,0.062816788
40,25.360317,0.062645028
40,25.440318,0.062342868
40,25.520319,0.061943687
40,25.60032,0.061487722
40,25.680321,0.061043843
40,25.760322,0.060691972
40,25.840323,0.060467232
40,25.920324,0.060320237
40,26.000325,0.060128753
40,26.080326,0.059785917
40,26.160327,0.059297701
40,26.240328,0.058756839
40,26.320329,0.058215395
40,26.40033,0.057652905
40,26.480331,0.057091749
40,26.560332,0.056614081
40,26.640333,0.056227558
40,26.720334,0.055819992
40,26.800335,0.055301277
40,26.880336,0.05471024
40,26.960337,0.054125149
40,27.040338,0.053540331
40,27.120339,0.052881595
40,27.20034,0.052109703
40,27.280341,0.051273712
40,27.360342,0.050469304
40,27.440343,0.049752428
40,27.520344,0.04909487
40,27.600345,0.048423616
40,27.680346,0.047676829
40,27.760347,0.046818569
40,27.840348,0.045841549
40,27.920349,0.044755796
40,28.00035,0.043594859
40,28.080351,0.042436022
40,28.160352,0.041366017
40,28.240353,0.040384968
40,28.320354,0.039380181
40,28.400355,0.038247
40,28.480356,0.036984239
40,28.560357,0.035624685
40,28.640358,0.034158725
40,28.720359,0.032592082
40,28.80036,0.031017974
40,28.880361,0.029542288
40,28.960362,0.02816844
40,29.040363,0.026822408
40,29.120364,0.025474762
40,29.200365,0.024201656
40,29.280366,0.023139293
40,29.360367,0.022432331
40,29.440368,0.022257292
40,29.520369,0.022890146
40,29.60037,0.024730494
40,29.680371,0.028263592
40,29.760372,0.033965089
40,29.840373,0.042149592
40,29.920374,0.05287935
40,30.000375,0.065898554
40,30.080376,0.069268718
40,30.160377,0.07275416
40,30.240378,0.076394822
40,30.320379,0.080240317
40,30.40038,0.084297275
40,30.480381,0.088470116
40,30.560382,0.092622496
40,30.640383,0.096709335
40,30.720384,0.100784313
40,30.800385,0.104853399
40,30.880386,0.108829223
40,30.960387,0.112685183
40,31.040388,0.116552306
40,31.120389,0.120575523
40,31.20039,0.124730903
40,31.280391,0.128883911
40,31.360392,0.13294439
40,31.440393,0.136866433
40,31.520394,0.140597845
40,31.600395,0.144132804
40,31.680396,0.14752416
40,31.760397,0.15079825
40,31.840398,0.153994442
40,31.920399,0.157233385
40,32.00040001,0.16060525
40,32.08040101,0.164051375
40,32.16040201,0.167415728
40,32.24040301,0.170550727
40,32.32040401,0.17338554
40,32.40040501,0.175942024
40,32.48040601,0.178314343
40,32.56040701,0.180660825
40,32.64040801,0.183153381
40,32.72040901,0.185837215
40,32.80041001,0.188546443
40,32.88041101,0.191069035
40,32.96041201,0.19337135
40,33.04041301,0.195564086
40,33.12041401,0.197671882
40,33.20041501,0.199611901
40,33.28041601,0.201398529
40,33.36041701,0.203159372
40,33.44041801,0.204962218
40,33.52041901,0.206802298
40,33.60042001,0.208694505
40,33.68042101,0.210605494
40,33.76042201,0.212424169
40,33.84042301,0.214105718
40,33.92042401,0.215680413
40,34.00042501,0.217136748
40,34.08042601,0.218436531
40,34.16042701,0.219603114
40,34.24042801,0.220732358
40,34.32042901,0.221954298
40,34.40043001,0.223352004
40,34.48043101,0.224896934
40,34.56043201,0.226477169
40,34.64043301,0.227946741
40,34.72043401,0.229146595
40,34.80043501,0.229987788
40,34.88043601,0.23060676
40,34.96043701,0.231325577
40,35.04043801,0.232351657
40,35.12043901,0.233585881
40,35.20044001,0.234832349
40,35.28044101,0.236018822
40,35.36044201,0.237101218
40,35.44044301,0.237987665
40,35.52044401,0.238677805
40,35.60044501,0.239280442
40,35.68044601,0.239861892
40,35.76044701,0.240471796
40,35.84044801,0.241202519
40,35.92044901,0.242075574
40,36.00045001,0.242998061
40,36.08045101,0.243870703
40,36.16045201,0.244651622
40,36.24045301,0.245350617
40,36.32045401,0.245999971
40,36.40045501,0.246596389
40,36.48045601,0.247106373
40,36.56045701,0.247535499
40,36.64045801,0.247937059
40,36.72045901,0.24836283
40,36.80046001,0.24887471
40,36.88046101,0.249571583
40,36.96046201,0.250449905
40,37.04046301,0.25126656
40,37.12046401,0.25173117
40,37.20046501,0.251851529
40,37.28046601,0.251876263
40,37.36046701,0.251995929
40,37.44046801,0.252297431
40,37.52046901,0.252844772
40,37.60047001,0.25357914
40,37.68047101,0.254306585
40,37.76047201,0.254887588
40,37.84047301,0.255274684
40,37.92047401,0.255447897
40,38.00047501,0.256227083
40,38.08047601,0.279146463
40,38.16047701,0.279757686
40,38.24047801,0.278428845
40,38.32047901,0.276867514
40,38.40048001,0.27565229
40,38.48048101,0.274741336
40,38.56048201,0.273831494
40,38.64048301,0.272788569
40,38.72048401,0.271745219
40,38.80048501,0.270963826
40,38.88048601,0.27072962
40,38.96048701,0.271501794
40,39.04048801,0.273488882
40,39.12048901,0.27563738
40,39.20049001,0.27701561
40,39.28049101,0.277716158
40,39.36049201,0.277685087
40,39.44049301,0.276722855
40,39.52049401,0.275738627
40,39.60049501,0.275308598
40,39.68049601,0.274654485
40,39.76049701,0.273746894
40,39.84049801,0.273175338
40,39.92049901,0.272604746
450,0,0.999999731
450,0.900001,0.999989567
450,1.800002,0.999974899
450,2.700003,0.999974457
450,3.600004,0.99997636
450,4.500005,0.999990971
450,5.400006,0.999997807
450,6.300007,0.999979124
450,7.200008,0.999971565
450,8.100009,0.999970485
450,9.00001,0.999989517
450,9.900011,0.999995171
450,10.800012,0.999975493
450,11.700013,0.999964214
450,12.600014,0.999976423
450,13.500015,0.999995171
450,14.400016,0.999981039
450,15.300017,0.999958225
450,16.200018,0.999974445
450,17.100019,0.999990717
450,18.00002,0.999968982
450,18.900021,0.999951306
450,19.800022,0.999978668
450,20.700023,0.999969908
450,21.600024,0.999914154
450,22.500025,0.999639818
450,23.400026,0.999635507
450,24.300027,0.999632852
450,25.200028,0.999655561
450,26.100029,0.999667587
450,27.00003,0.999665118
450,27.900031,0.999661175
450,28.800032,0.999637543
450,29.700033,0.9996269
450,30.600034,0.999635785
450,31.500035,0.999641576
450,32.400036,0.999666026
450,33.300037,0.999674346
450,34.200038,0.999664895
450,35.100039,0.999656666
450,36.00004,0.999632253
450,36.900041,0.999620637
450,37.800042,0.999630319
450,38.700043,0.999637755
450,39.600044,0.999666412
450,40.500045,0.999680539
450,41.400046,0.999676118
450,42.300047,0.99966879
450,43.200048,0.999638352
450,44.100049,0.999617427
450,45.00005,0.999614477
450,45.900051,0.99961472
450,46.800052,0.999645371
450,47.700053,0.99966931
450,48.600054,0.999685261
450,49.500055,0.999697447
450,50.400056,0.999676914
450,51.300057,0.999653876
450,52.200058,0.999625832
450,53.100059,0.999594054
450,54.00006,0.999594861
450,54.900061,0.999600415
450,55.800062,0.999628399
450,56.700063,0.999670317
450,57.600064,0.999694866
450,58.500065,0.999720018
450,59.400066,0.999715726
450,60.300067,0.999688429
450,61.200068,0.999658857
450,62.100069,0.999606042
450,63.00007,0.999572483
450,63.900071,0.999548862
450,64.800072,0.999541046
450,65.700073,0.99957012
450,66.600074,0.99960372
450,67.500075,0.999658859
450,68.400076,0.999716178
450,69.300077,0.999750711
450,70.200078,0.999782045
450,71.100079,0.999770846
450,72.00008,0.999741771
450,72.900081,0.99968974
450,73.800082,0.999610104
450,74.700083,0.999539381
450,75.600084,0.999459055
450,76.500085,0.999397917
450,77.400086,0.999365447
450,78.300087,0.999349054
450,79.200088,0.999382796
450,80.100089,0.99943077
450,81.00009,0.999512092
450,81.900091,0.99961274
450,82.800092,0.99970709
450,83.700093,0.999812298
450,84.600094,0.999885737
450,85.500095,0.999939698
450,86.400096,0.999955442
450,87.300097,0.99991368
450,88.200098,0.999834292
450,89.100099,0.999678866
450,90.0001,0.999472254
450,90.900101,0.999200893
450,91.800102,0.998858848
450,92.700103,0.998468063
450,93.600104,0.997993416
450,94.500105,0.997468998
450,95.400106,0.996860578
450,96.300107,0.996169195
450,97.200108,0.995387691
450,98.100109,0.994467461
450,99.00011,0.993403095
450,99.900111,0.992108184
450,100.800112,0.990529315
450,101.700113,0.988548304
450,102.600114,0.986001109
450,103.500115,0.982703317
450,104.400116,0.978330911
450,105.300117,0.972527068
450,106.200118,0.964754412
450,107.100119,0.954375684
450,108.00012,0.940627137
450,108.900121,0.922657393
450,109.800122,0.899770138
450,110.700123,0.871528609
450,111.600124,0.838180654
450,112.500125,0.800726493
450,113.400126,0.725724752
450,114.300127,0.652175365
450,115.200128,0.58953267
450,116.100129,0.54107672
450,117.00013,0.505894193
450,117.900131,0.481670276
450,118.800132,0.466037734
450,119.700133,0.45704167
450,120.600134,0.453182227
450,121.500135,0.453267147
450,122.400136,0.456385088
450,123.300137,0.461743854
450,124.200138,0.468671238
450,125.100139,0.476548972
450,126.00014,0.484785286
450,126.900141,0.492852251
450,127.800142,0.500229381
450,128.700143,0.506491496
450,129.600144,0.511285196
450,130.500145,0.51437667
450,131.400146,0.515699069
450,132.300147,0.51532335
450,133.200148,0.51352812
450,134.100149,0.510719725
450,135.00015,0.50742783
450,135.900151,0.504238944
450,136.800152,0.501672407
450,137.700153,0.500152296
450,138.600154,0.499858585
450,139.500155,0.500735645
450,140.400156,0.502473461
450,141.300157,0.504555232
450,142.200158,0.506423214
450,143.100159,0.507571776
450,144.00016,0.507732528
450,144.900161,0.506946769
450,145.800162,0.505537751
450,146.700163,0.504059668
450,147.600164,0.503042908
450,148.500165,0.50284562
450,149.400166,0.503486932
450,150.300167,0.504622151
450,151.200168,0.505725044
450,152.100169,0.506277748
450,153.00017,0.506052596
450,153.900171,0.505225723
450,154.800172,0.504262898
450,155.700173,0.503717826
450,156.600174,0.503866248
450,157.500175,0.504573627
450,158.400176,0.505372084
450,159.300177,0.505729517
450,160.200178,0.505445649
450,161.100179,0.504753325
450,162.00018,0.504171518
450,162.900181,0.504136001
450,163.800182,0.504629762
450,164.700183,0.505235087
450,165.600184,0.505448464
450,166.500185,0.505103882
450,167.400186,0.504547715
450,168.300187,0.504283858
450,169.200188,0.504545309
450,170.100189,0.505054665
450,171.00019,0.505287231
450,171.900191,0.505031427
450,172.800192,0.504576947
450,173.700193,0.504419654
450,174.600194,0.504724456
450,175.500195,0.505111955
450,176.400196,0.505134047
450,177.300197,0.504784775
450,178.200198,0.504503311
450,179.100199,0.504647791
450,180.0002,0.505002653
450,180.900201,0.50509351
450,181.800202,0.504816444
450,182.700203,0.504563963
450,183.600204,0.504695712
450,184.500205,0.505000332
450,185.400206,0.505018184
450,186.300207,0.504744429
450,187.200208,0.504607899
450,188.100209,0.50481608
450,189.00021,0.505022841
450,189.900211,0.50488437
450,190.800212,0.504654624
450,191.700213,0.504724958
450,192.600214,0.504955783
450,193.500215,0.504940143
450,194.400216,0.504712643
450,195.300217,0.504700846
450,196.200218,0.504917293
450,197.100219,0.504936613
450,198.00022,0.504736442
450,198.900221,0.504717332
450,199.800222,0.504906227
450,200.700223,0.504916273
450,201.600224,0.504732652
450,202.500225,0.504750303
450,203.400226,0.51296548
450,204.300227,0.509227265
450,205.200228,0.512188581
450,206.100229,0.510079255
450,207.00023,0.509658747
450,207.900231,0.511985125
450,208.800232,0.510362116
450,209.700233,0.509894906
450,210.600234,0.510797707
450,211.500235,0.511777315
450,212.400236,0.51034169
450,213.300237,0.509438972
450,214.200238,0.512535049
450,215.100239,0.51047456
450,216.00024,0.510259178
450,216.900241,0.509358392
450,217.800242,0.512432576
450,218.700243,0.510408934
450,219.600244,0.510560962
450,220.500245,0.509219658
450,221.400246,0.512171929
450,222.300247,0.510708874
450,223.200248,0.510885005
450,224.100249,0.509428478
450,225.00025,0.511033399
450,225.900251,0.512259835
450,226.800252,0.510554071
450,227.700253,0.510839723
450,228.600254,0.509553678
450,229.500255,0.51260597
450,230.400256,0.510723558
450,231.300257,0.510957154
450,232.200258,0.509148694
450,233.100259,0.512517445
450,234.00026,0.510802198
450,234.900261,0.510827016
450,235.800262,0.509412142
450,236.700263,0.512665002
450,237.600264,0.511353515
450,238.500265,0.50933119
450,239.400266,0.511324458
450,240.300267,0.511751587
450,241.200268,0.510104014
450,242.100269,0.510633081
450,243.00027,0.512142846
450,243.900271,0.510324273
450,244.800272,0.509844224
450,245.700273,0.512210144
450,246.600274,0.513551837
450,247.500275,0.506285069
450,248.400276,0.506161609
450,249.300277,0.505807134
450,250.200278,0.506014968
450,251.100279,0.505988894
450,252.00028,0.506188556
450,252.900281,0.506500154
450,253.800282,0.506200694
450,254.700283,0.506215506
450,255.600284,0.505777034
450,256.500285,0.505607658
450,257.400286,0.506059409
450,258.300287,0.50629304
450,259.200288,0.506744087
450,260.100289,0.506492728
450,261.00029,0.50581681
450,261.900291,0.50571687
450,262.800292,0.50557927
450,263.700293,0.506094158
450,264.600294,0.506404035
450,265.500295,0.506267845
450,266.400296,0.506505141
450,267.300297,0.506236138
450,268.200298,0.506194592
450,269.100299,0.505986495
450,270.0003,0.505526151
450,270.900301,0.505767961
450,271.800302,0.505820098
450,272.700303,0.506200343
450,273.600304,0.506683253
450,274.500305,0.506665293
450,275.400306,0.506880299
450,276.300307,0.506192571
450,277.200308,0.50554007
450,278.100309,0.505266468
450,279.00031,0.50515985
450,279.900311,0.505864725
450,280.800312,0.506188522
450,281.700313,0.506553575
450,282.600314,0.50702177
450,283.500315,0.506845081
450,284.400316,0.506928629
450,285.300317,0.50633857
450,286.200318,0.505894691
450,287.100319,0.505524288
450,288.00032,0.504760809
450,288.900321,0.504759615
450,289.800322,0.504904414
450,290.700323,0.505698882
450,291.600324,0.506748566
450,292.500325,0.507212698
450,293.400326,0.507988375
450,294.300327,0.507898136
450,295.200328,0.507633532
450,296.100329,0.507083356
450,297.00033,0.506112036
450,297.900331,0.50557806
450,298.800332,0.504398767
450,299.700333,0.503614105
450,300.600334,0.503170983
450,301.500335,0.50300667
450,302.400336,0.503827678
450,303.300337,0.50461614
450,304.200338,0.506256189
450,305.100339,0.507815319
450,306.00034,0.509020433
450,306.900341,0.510405061
450,307.800342,0.510970115
450,308.700343,0.511702696
450,309.600344,0.511483487
450,310.500345,0.510818226
450,311.400346,0.509729611
450,312.300347,0.507483909
450,313.200348,0.505192321
450,314.100349,0.502166505
450,315.00035,0.499359629
450,315.900351,0.496627225
450,316.800352,0.493820421
450,317.700353,0.491953823
450,318.600354,0.489908068
450,319.500355,0.488914718
450,320.400356,0.488455378
450,321.300357,0.489025179
450,322.200358,0.491020609
450,323.100359,0.493698309
450,324.00036,0.498330149
450,324.900361,0.503626634
450,325.800362,0.510455422
450,326.700363,0.51852926
450,327.600364,0.527745962
450,328.500365,0.538825837
450,329.400366,0.55064772
450,330.300367,0.564451535
450,331.200368,0.57874222
450,332.100369,0.5936132
450,333.00037,0.608544554
450,333.900371,0.621916174
450,334.800372,0.633600245
450,335.700373,0.640871313
450,336.600374,0.644030937
450,337.500375,0.640662375
450,338.400376,0.638839815
450,339.300377,0.636898009
450,340.200378,0.63385752
450,341.100379,0.630821436
450,342.00038,0.626605141
450,342.900381,0.622874326
450,343.800382,0.618379523
450,344.700383,0.613633024
450,345.600384,0.609314059
450,346.500385,0.604107401
450,347.400386,0.599254919
450,348.300387,0.593638703
450,349.200388,0.58856412
450,350.100389,0.583133731
450,351.00039,0.577648792
450,351.900391,0.573146229
450,352.800392,0.568043327
450,353.700393,0.563732529
450,354.600394,0.559152077
450,355.500395,0.55515721
450,356.400396,0.551162146
450,357.300397,0.547178029
450,358.200398,0.544451654
450,359.100399,0.541297364
450,360.0004,0.539145908
450,360.900401,0.537149614
450,361.800402,0.535638057
450,362.700403,0.534386834
450,363.600404,0.533050056
450,364.500405,0.532935275
450,365.400406,0.532408667
450,366.300407,0.53273997
450,367.200408,0.533535548
450,368.100409,0.534491996
450,369.00041,0.535904674
450,369.900411,0.536987481
450,370.800412,0.539069665
450,371.700413,0.540599438
450,372.600414,0.542579111
450,373.500415,0.545143162
450,374.400416,0.547405887
450,375.300417,0.550193019
450,376.200418,0.552397658
450,377.100419,0.555259175
450,378.00042,0.557400533
450,378.900421,0.559472307
450,379.800422,0.562075859
450,380.700423,0.563959449
450,381.600424,0.566250288
450,382.500425,0.567927159
450,383.400426,0.569821217
450,384.300427,0.571064855
450,385.200428,0.571729873
450,386.100429,0.572911689
450,387.00043,0.573131258
450,387.900431,0.573590046
450,388.800432,0.573719077
450,389.700433,0.573696104
450,390.600434,0.573437274
450,391.500435,0.572306436
450,392.400436,0.571853202
450,393.300437,0.570488173
450,394.200438,0.56929262
450,395.100439,0.568272377
450,396.00044,0.567002328
450,396.900441,0.566026086
450,397.800442,0.564310776
450,398.700443,0.563394925
450,399.600444,0.561994372
450,400.500445,0.560627469
450,401.400446,0.55999507
450,402.300447,0.559156995
450,403.200448,0.558917461
450,404.100449,0.558341676
450,405.00045,0.55833863
450,405.900451,0.558417216
450,406.800452,0.558087029
450,407.700453,0.558808425
450,408.600454,0.559231793
450,409.500455,0.560119268
450,410.400456,0.560942259
450,411.300457,0.561795666
450,412.200458,0.562976813
450,413.100459,0.563232848
450,414.00046,0.564296484
450,414.900461,0.565028488
450,415.800462,0.565664042
450,416.700463,0.566422256
450,417.600464,0.566717151
450,418.500465,0.567288691
450,419.400466,0.566880523
450,420.300467,0.566687522
450,421.200468,0.566617688
450,422.100469,0.565904548
450,423.00047,0.56571817
450,423.900471,0.565039647
450,424.800472,0.564661292
450,425.700473,0.563828721
450,426.600474,0.562822923
450,427.500475,0.562487363
450,428.400476,0.509074733
450,429.300477,0.514941767
450,430.200478,0.515408011
450,431.100479,0.511821829
450,432.00048,0.514817221
450,432.900481,0.516987234
450,433.800482,0.512937396
450,434.700483,0.513129424
450,435.600484,0.515938642
450,436.500485,0.515461558
450,437.400486,0.513984066
450,438.300487,0.512233652
450,439.200488,0.515679116
450,440.100489,0.515332063
450,441.00049,0.514761444
450,441.900491,0.513043729
450,442.800492,0.513254335
450,443.700493,0.516033001
450,444.600494,0.51478991
450,445.500495,0.515379357
450,446.400496,0.513227239
450,447.300497,0.512660384
450,448.200498,0.515505843
450,449.100499,0.515131798